session_id,user_id,n_keys,wpm,dwell_mean_ms,dwell_std_ms,flight_mean_ms,flight_std_ms,dwell_cv,flight_cv,digraph_var,iqr_delay_ms,burstiness,pauses_over_500ms,backspace_rate,self_report_valence_1to9,self_report_arousal_1to9,label_emotion
S540729,U30,201,1394.488192103888,94.53733277610728,17.668215205318333,120.59536013496351,35.26105147649974,0.18689140772737856,0.2923914438916851,245.8411157786993,46.67167478989397,5.576393393539162,0.0,0.04975124378109453,8,7,happy
S579165,U29,416,1395.8298127146918,94.30814555793077,19.97662358923888,120.61776966990234,35.26858443000653,0.21182288625289336,0.2923995736824428,288.481221298769,46.42726822899883,6.010985513527525,0.0,0.052884615384615384,7,5,happy
S163209,U29,416,1391.4099243782907,93.24986680780961,19.292602309817948,122.35877213016973,36.18831444874371,0.20689147309540398,0.29575578292208804,287.9205244727436,48.30151019304809,4.8911970250619605,0.0,0.052884615384615384,7,5,happy
S874987,U30,193,1395.5277643602499,95.75520759545157,18.898071246167586,119.2172262475459,34.64601901430989,0.19735815649848015,0.2906125239180616,345.0531541078405,42.78938317472239,5.093063014904099,0.0,0.046632124352331605,6,5,happy
S516741,U24,363,1402.2531150948478,93.57017445835521,19.737550641536053,120.37122939419257,34.602448356997265,0.21093848286368796,0.2874644425511425,204.94208610239983,43.14089848388173,6.899825832128283,0.0,0.04132231404958678,6,6,happy
S521833,U25,331,1389.085973426277,92.60024108835398,19.931888907636086,123.36911267311925,34.78929370872238,0.21524662002357198,0.28199354729007936,242.84653574125673,50.05493187866972,7.14737768179981,0.0,0.03927492447129909,7,7,happy
S233598,U27,209,1377.4853148134216,99.03849726748274,19.784738234762404,118.74966843839601,37.598646661212626,0.19976815865176012,0.31662106644716864,213.6766681964004,53.69706434836833,6.3546211607750225,0.0,0.04784688995215311,6,5,happy
S159268,U17,223,1391.6499443619991,96.9883856974181,20.128221712216675,118.58306689049168,34.48913506110105,0.20753228922700281,0.2908436757918469,212.5547810085099,44.45525314888002,6.151881483289292,0.0,0.08071748878923767,8,6,happy
S448313,U31,273,1403.9297437909497,97.14725415009606,18.663682979386277,116.5386523753455,33.584579463657946,0.19211745244544126,0.28818403833510414,249.5230349107819,42.06901781882634,8.122197504272245,0.0,0.054945054945054944,8,7,happy
S576432,U16,355,1382.545437245744,95.14707290836505,20.322079433656373,121.84398714507444,32.11781775813944,0.21358596552127582,0.26359788866641504,205.30961404595504,40.50530252716382,6.5833470661646025,0.0,0.056338028169014086,7,5,happy
S302845,U21,255,1426.3729872888152,93.30035176801164,21.746881537443745,117.02331719758367,35.91286842614853,0.23308466822844007,0.30688643328673365,235.04702258484883,45.83665000427429,6.737872590632092,0.0,0.043137254901960784,8,6,happy
S428234,U08,387,1414.7582756915697,94.2956783959999,20.564995818404608,117.75468042119977,34.63570275401742,0.21809054421392224,0.29413440408591895,215.80786087086574,45.88056685099676,4.735554655710736,0.0,0.059431524547803614,7,5,happy
S850605,U20,192,1372.9446673960967,96.16784857812938,21.359638643682054,122.34059325804077,34.43778502854324,0.22210789738452869,0.2814910743150237,252.66719474030836,42.858147667416105,5.143337945038411,0.0,0.052083333333333336,7,6,happy
S932658,U07,281,1395.0122564311184,94.95380909677878,19.75634882819338,120.0980649043104,34.18412254040519,0.20806273088062557,0.28463508190279174,309.3495804592724,40.98407054492485,4.938213910062868,0.0,0.03558718861209965,8,5,happy
S369239,U04,295,1382.8664895988686,93.97024516519966,18.184074277410588,122.9704372914428,35.99706221950339,0.19350885214189867,0.2927293991334642,264.7494662503739,47.03676102252123,4.855394222951139,0.0,0.05084745762711865,6,7,happy
S650927,U25,391,1379.7360249606495,94.67452605357738,20.444671401556054,122.75837021986453,35.18860034016878,0.21594691047078687,0.2866492954993193,234.62691081500407,46.047478742924085,5.443952549165834,0.0,0.056265984654731455,6,6,happy
S377662,U20,311,1374.5794624423997,96.33760644869074,20.81880200006412,121.91096207491417,34.41784043745998,0.21610254569851892,0.282319488351755,221.97528602523315,47.61722480188294,6.073495148143459,0.0,0.04180064308681672,7,6,happy
S703701,U09,417,1397.3652124430291,94.22215257994924,19.41093551417817,120.46760592313147,34.83607794256458,0.20601243956624354,0.2891738212577491,271.8869993173088,47.3384077438773,6.418347322952909,0.0,0.047961630695443645,6,5,happy
S335935,U20,274,1358.9468748083302,95.04079735869169,20.143584726577586,125.71838429976194,35.606239892809796,0.21194671432052553,0.2832222199730992,239.89643216038425,50.52687853324366,6.632309802091687,0.0,0.0364963503649635,6,6,happy
S411638,U24,238,1353.1567242034002,95.07675299126733,20.33558706881662,126.6270560605697,33.0978331704955,0.21388600713661746,0.26138042058455313,233.08777033539627,42.90681643191917,6.000062204610364,0.0,0.03361344537815126,6,5,happy
S621657,U05,267,1406.908134855739,95.6258470214155,18.812992569276783,117.60769152142711,33.19336746931502,0.19673543456366557,0.2822380665746464,255.23014332277475,50.33296501415259,6.995659953047865,0.0,0.04119850187265917,8,6,happy
S664414,U06,191,1375.797098308868,96.94627106362566,20.06040641548578,121.10913868302991,37.0652188413852,0.206922929529906,0.3060480756814999,279.2222672413963,54.48106333227095,7.78072837311791,0.0,0.020942408376963352,8,7,happy
S907595,U05,312,1345.455796419717,96.51254359683121,21.143264307156446,126.46022206243876,34.85341721376825,0.219072708263495,0.2756077495780424,241.21482844061632,46.19974114796176,3.5515716837103315,0.0,0.08012820512820513,8,6,happy
S953462,U12,240,1426.9591669964025,95.83898919480583,20.29735569889519,114.3982810358961,31.998612674926694,0.21178599513020782,0.2797123556855379,176.57936271037903,43.12437581508246,7.376908152806442,0.0,0.058333333333333334,7,6,happy
S845915,U34,360,1392.166764000665,94.83059926345481,20.16564197214093,120.66082587148449,35.367128747736785,0.21264910407364926,0.29311193995478046,222.9864792575239,48.945332007227236,5.692218181369733,0.0,0.03333333333333333,8,6,happy
S692587,U01,310,1391.487352315239,94.32542484740695,19.57711139521031,121.27121676118709,33.35457772573962,0.20754861615392442,0.2750411731369283,187.75391518747108,40.96936494699072,6.138411733390327,0.0,0.054838709677419356,6,5,happy
S861201,U13,393,1362.6453144316238,97.02293171624743,18.873571216978174,123.1370738425973,35.4406160618057,0.19452691114483828,0.28781434344548784,302.97883828356066,48.25090723448224,5.98158486846038,0.0,0.05343511450381679,8,6,happy
S421898,U10,378,1376.2212214733515,96.09417426358605,20.03818827923887,121.89403527646648,35.730950506681,0.2085265671181499,0.29313124654245826,248.80981544809424,44.56540665492035,5.342473608659407,0.0,0.06084656084656084,6,6,happy
S315275,U22,227,1356.0846696729814,97.15053577731545,20.924195797562763,124.07458881047646,34.148202298128425,0.2153791086188589,0.27522317523284073,190.81098084053986,50.45804361277109,5.745134462647987,0.0,0.04405286343612335,8,7,happy
S818498,U18,249,1360.5570228380145,95.56091735661936,18.817337076923327,124.93700736411283,34.44732700433473,0.19691457132731136,0.2757175614423229,236.0163399528502,50.50334553326911,5.212365330459685,0.0,0.040160642570281124,7,7,happy
S320705,U24,372,1378.379543202034,96.46903318432415,22.17024477479605,121.17784171276502,33.877008310197404,0.22981721743220115,0.27956438100703324,222.48144997100462,46.383462640486925,6.542252118173034,0.0,0.056451612903225805,6,5,happy
S956798,U19,298,1409.395050769998,93.0564675466761,20.29840594359452,119.8008146156958,35.07426261367262,0.21812998578968262,0.29277148678985143,288.92897741647164,44.142790006761345,6.00513073009625,0.0,0.050335570469798654,7,6,happy
S406666,U11,319,1396.1222496202038,93.50504770004348,19.413341803483785,121.37584835444672,34.17111572162134,0.20761811560976037,0.28153142643199863,248.26930982952453,50.109295584040254,5.306979717276941,0.0,0.06269592476489028,7,7,happy
S903634,U26,220,1385.687712685588,93.64968968028286,20.312335019703657,122.8493073546067,36.41375725861078,0.2168969816029219,0.29640995169392226,296.4996837803009,49.48411373716496,7.046031446383149,0.0,0.045454545454545456,6,6,happy
S458489,U33,276,1372.410933773207,95.51685659981244,20.94064146586772,123.07656364874371,34.12804194184578,0.21923503569221142,0.27729115056580583,198.791537218645,47.30342442193414,4.435490418574397,0.0,0.03985507246376811,7,5,happy
S204038,U27,196,1393.5408468573428,95.10977532832743,20.214032887806898,120.16916728505052,30.728882678644002,0.21253370453274917,0.25571353595013874,165.5434126882056,38.03822266065089,4.066164953513731,0.0,0.05612244897959184,6,7,happy
S389909,U34,343,1407.602030285664,94.78122097303002,20.36043986373149,118.34720136884235,36.83319211770431,0.21481512534561092,0.31122993777359825,262.2987556111952,46.764482705044,5.533754348655661,0.0,0.0641399416909621,8,5,happy
S439147,U20,243,1391.0002378050651,94.98515366615948,19.682787551868355,120.68698775157766,34.04452883710243,0.20721962108990907,0.2820894735328034,260.9116665546372,50.87795144793262,6.900983980792572,0.0,0.02880658436213992,6,7,happy
S767248,U29,273,1406.6914263761057,93.03349779653699,18.667129826721958,120.23289053487895,33.10384807851887,0.20064955385797403,0.2753310506904566,264.4560469045636,40.64975567874842,6.646161590272626,0.0,0.040293040293040296,8,6,happy
S124415,U09,321,1398.5188946167273,94.75145761531603,18.905634224418527,119.7611965610273,34.530658025129156,0.19952869011444674,0.2883292670471374,256.019688885017,44.264971363219644,4.761227769636638,0.0,0.040498442367601244,8,6,happy
S730497,U25,234,1403.8134802561717,94.60316779128696,19.676513251362685,119.10043615562425,33.4729603557911,0.20799000404270723,0.28104817611291694,184.79370166493467,48.429351323281026,5.353811635470672,0.0,0.07692307692307693,7,5,happy
S198108,U25,287,1367.360941682963,96.52871356595597,19.434437229819334,122.87202464056081,35.13500345742849,0.20133322523292727,0.285947949178907,242.11730433544045,47.661482726707874,7.02890318148319,0.0,0.04529616724738676,8,6,happy
S732679,U32,402,1399.9612764625272,94.23009797915842,20.4207985411165,120.0615435425634,33.51125600273579,0.21671205887563783,0.2791173177850709,207.61929366379294,43.663703761469364,5.088478260152406,0.0,0.06965174129353234,8,7,happy
S817625,U32,398,1408.1188014680947,94.99254770853304,20.918755038675485,118.05765777641761,37.193202155637664,0.2202146962397597,0.31504269063236595,265.8589777619428,46.842383299182615,6.624017886832086,0.0,0.06532663316582915,6,5,happy
S731240,U23,188,1400.8070048606637,94.20289341533727,18.5032215142696,119.95937087876551,33.96335402468337,0.19641882370522892,0.2831238091354092,273.42260258653533,46.05669859291852,6.096554264296209,0.0,0.05319148936170213,6,7,happy
S559455,U29,267,1394.4341556454285,92.27113563598303,19.430082770392907,122.86989399631385,35.943987653133696,0.21057595787100886,0.29253697943462076,185.41087659147203,51.43412744705523,5.839622890462305,0.0,0.056179775280898875,8,5,happy
S943006,U15,254,1381.5161459455826,96.0152932340116,19.913950149513028,121.13743486144195,33.88682359703861,0.20740394033873438,0.27973865911721385,205.3698109942795,43.731272862104774,4.530703572528328,0.0,0.05511811023622047,6,6,happy
S164794,U05,385,1417.4891238163436,92.09757923819731,19.21532369202151,119.54425628594556,34.94526427250381,0.20864092032564507,0.29232073006432024,277.1314361396352,47.4856530502976,6.7491320545233835,0.0,0.04155844155844156,6,5,happy
S559917,U18,403,1411.5233696858036,95.12350111254175,19.846727958450714,117.41283122376107,34.282265156537115,0.20864168923902215,0.29198056804543987,274.87628134307164,47.399833145156805,5.133417666476691,0.0,0.06451612903225806,6,6,happy
S991515,U14,227,1397.8699308382347,93.5316433630247,20.175917438079765,121.08059872169103,33.767849842485695,0.21571220939389363,0.27888737088344395,201.44538328747703,41.580138540127734,5.237915356959804,0.0,0.05286343612334802,6,6,happy
S492468,U24,355,1370.5882848046278,95.4670547232212,19.164558929595366,123.41705754158187,34.68142913447192,0.20074526217612348,0.28101001454184726,245.66198695136205,46.685280325669396,5.350639861464343,0.0,0.059154929577464786,8,5,happy
S112521,U23,370,1419.375564939195,93.68311242420364,19.240184885819968,117.6774375320384,34.28264863896074,0.20537516728414268,0.29132728718389267,264.7518992761633,44.57114914868299,7.261089680187734,0.0,0.05675675675675676,7,6,happy
S705289,U18,231,1419.7689675386005,95.42937282457238,17.50228643918625,115.87261141311568,35.1955935555723,0.18340565300958928,0.30374385393016606,236.73253208856124,47.40014481162534,6.985675816990444,0.0,0.0735930735930736,7,6,happy
S696113,U29,199,1418.7728070539015,95.85777477019475,20.057808593132247,115.59257056237021,34.72651646746719,0.20924550607624642,0.30042169923654244,243.52906068882712,45.36538674768126,6.948941107062124,0.0,0.04522613065326633,6,7,happy
S927597,U18,398,1409.73671521703,94.12447351930686,19.823319833321793,118.6812204529997,35.45708215908515,0.21060749762659361,0.2987589950941473,267.6494649362078,46.47824756313703,6.3688457788251425,0.0,0.052763819095477386,7,5,happy
S527624,U06,368,1407.0487113655718,93.57167138430336,18.97170788928747,119.64056325741231,34.962587080657244,0.20275055055252514,0.29223021129910254,269.900123851223,49.03374343265888,5.431626406073113,0.0,0.057065217391304345,7,7,happy
S559463,U21,207,1380.3509179499583,94.75475862612187,19.18435360300558,122.58127969487839,31.986912200810224,0.20246322064628067,0.26094451192245693,240.40970519274063,44.666487795297016,5.0773777174131105,0.0,0.05314009661835749,8,5,happy
S592354,U17,200,1416.645199333407,93.59718480288491,19.635516764261023,118.17073008586988,32.76131071644033,0.20978747176652054,0.27723710171405397,256.69656816954165,37.8549956031608,6.115248793706835,0.0,0.025,8,5,happy
S191077,U11,322,1389.2328963341665,95.18452080299183,21.69591676886048,120.76199240701347,33.65955239914172,0.22793534690126357,0.278726375147044,249.2563140209978,40.37052886917168,5.831784834193278,0.0,0.043478260869565216,8,5,happy
S139163,U02,267,1366.0774322284635,97.1558300525878,20.30264126789939,122.45104794891323,34.60981685503134,0.2089698709476325,0.2826420633776087,228.996090751951,42.9806160288652,4.81440671699934,0.0,0.03745318352059925,6,6,happy
S487689,U23,212,1134.3483481285411,110.89044480460592,21.325021634686955,153.57857874970426,38.89440757062911,0.19230711602124625,0.2532541184276587,302.64463558180995,53.736606693798706,5.703085153189887,0.0,0.05188679245283019,7,5,calm
S459677,U16,359,1128.2539390685483,107.71765909761699,22.03021353913344,158.1799279718957,39.80844957422766,0.20451812380334963,0.2516656195550964,371.83299206875193,50.448400813811304,4.316852412884847,0.0,0.036211699164345405,5,5,calm
S442369,U14,337,1109.833504547725,107.96228635420312,23.033364387393778,162.34852943095817,37.96954633074509,0.21334639312681672,0.23387674938498515,299.3960811983787,56.15007287422995,3.9389081241660926,0.0,0.08902077151335312,5,5,calm
S600017,U27,250,1131.3938714326687,108.28521324955113,20.568788015067156,156.87443413311863,38.966854290468795,0.18995010858652409,0.24839518628894475,285.2741286986578,51.60565506222787,3.918124362087065,0.0,0.072,6,4,calm
S234889,U32,417,1100.1953918915792,111.20375761121181,22.448510143943082,161.47507944900016,38.62415578808772,0.20186826979738473,0.23919576890678457,315.8888225214977,53.74737591592577,3.786282042973385,0.0,0.05995203836930456,7,3,calm
S893351,U30,366,1110.1777390143445,109.68485799910091,23.011653566038255,160.54214210842306,42.910092591761845,0.2097979063457135,0.2672824220993779,379.98286952809997,56.37934641474348,4.092031883439394,0.0,0.05191256830601093,5,3,calm
S589184,U23,199,1110.758787194943,109.97350727808434,21.853210869014674,160.11213458985497,41.060578654747964,0.19871341207437884,0.25644888665015425,337.87795314333016,56.113149724946965,3.552073179689354,0.0,0.05025125628140704,7,5,calm
S230485,U06,290,1114.532238807439,108.57485105339232,20.85965971101373,160.59636674915697,40.88092387838519,0.19212238845951415,0.2545569660504153,369.5013846117081,52.64073569578278,4.197489616213997,0.0,0.041379310344827586,6,3,calm
S374191,U18,265,1110.5947044439408,109.14119922892681,21.368663411589328,160.98434594032176,36.9213955246254,0.19578915718864276,0.22934773756395216,325.8605015463818,47.4251582570142,4.068511391974533,0.0,0.045283018867924525,6,4,calm
S445172,U11,370,1095.2057708381158,108.88930456344423,21.962649721837145,165.03182330864723,40.09314890707049,0.20169703360572602,0.24294192540118242,334.3023260472355,51.85670023271234,3.309859976595982,0.0,0.02972972972972973,6,4,calm
S552309,U13,416,1098.7499037889029,108.68197896222857,22.78761777545408,164.35558760818674,40.62602986729989,0.20967245897660466,0.24718374628156703,261.2170954194279,55.309657308902956,3.8885208310659976,0.0,0.06971153846153846,6,4,calm
S359821,U25,203,1102.6242847248964,109.4495195299973,22.669407633888287,162.62865265977058,40.667510148989756,0.2071220388288245,0.2500636233768028,431.65418450605466,55.15231875897874,2.674188373770474,0.0,0.06896551724137931,7,4,calm
S681439,U13,407,1114.1944322009217,110.6300412177915,23.17018567190361,158.6227851559641,39.457863579744554,0.20943846189381501,0.24875281026586468,263.27366528240304,50.83104517605136,2.310482814533916,0.0,0.08353808353808354,6,5,calm
S748023,U22,373,1106.3462034982,109.90708145825135,21.202676067606053,161.25577791742873,40.969178515920554,0.19291455824582127,0.2540633212963004,296.8557023804523,54.233879343215506,3.101177323098054,0.0,0.05093833780160858,5,3,calm
S657631,U23,302,1087.4777983285596,111.84947502113688,22.084525191493597,164.0182258745471,38.42718664325752,0.19744862626597173,0.23428607667448728,225.15674508478708,51.60036623891355,2.5411046347762323,0.0,0.046357615894039736,5,5,calm
S565024,U14,202,1099.6183792789434,109.24692581033673,23.1721868136738,163.57499646120624,40.350323271018596,0.2121083649887134,0.2466778183949902,321.26007539454486,47.88029857014561,4.634603255131644,0.0,0.039603960396039604,7,4,calm
S913174,U14,231,1106.143562484774,110.23833735381754,21.92922857528103,160.9741979576913,41.07857509672445,0.19892561065119896,0.25518732578199327,334.71941035547707,52.14910306898162,5.856879008879033,0.0,0.04329004329004329,5,4,calm
S583338,U04,265,1124.7437289726229,110.23350303287214,22.0125854040139,156.49392319961697,41.824173161473624,0.19969051874773178,0.2672574902996361,327.5248629432597,53.218975954068924,5.0418731967264225,0.0,0.06037735849056604,5,5,calm
S909220,U05,273,1109.1656274226941,109.39468070914178,23.40167982438176,161.0789010381516,40.181269601999,0.2139197232688312,0.24945085509667123,380.43136429051145,52.50510676226156,3.97816233351368,0.0,0.06227106227106227,7,4,calm
S238405,U18,195,1126.6616823611291,110.46495067575394,22.91392512826832,155.8084166507129,39.260377299566024,0.20743163318406044,0.2519785396932624,340.8435327817705,53.533743109663135,5.854770554883075,0.0,0.05128205128205128,6,3,calm
S325571,U21,239,1114.8659602885598,108.69429197969386,21.603807803292135,160.39635271301097,38.54502155669289,0.19875751899950858,0.24031108503857027,296.6986623481848,50.34321793188667,3.762542338687892,0.0,0.06276150627615062,5,3,calm
S546673,U28,362,1127.2560831931278,110.30822998841832,21.647955749712356,155.82473169869314,41.01391204376895,0.19624968827788514,0.26320540774666334,407.5097828376845,53.616724200822404,4.791438417381001,0.0,0.055248618784530384,6,4,calm
S870858,U02,190,1118.9870989319322,108.70792429621561,23.178356337477258,159.3916813974948,38.620018375283706,0.21321680537583546,0.24229632335060308,245.89834912397143,56.76132180440027,3.8462306991418593,0.0,0.10526315789473684,6,4,calm
S306472,U03,246,1109.7348806399057,109.52114227596219,22.983467069325783,160.81369646228777,36.27199476469783,0.2098541577608273,0.22555289482574598,246.6633668683723,47.141431424016474,3.4490693908194525,0.0,0.056910569105691054,6,5,calm
S814796,U22,383,1107.899622377938,111.15094229046483,20.947318509208756,159.63171160745387,40.00311055440795,0.18845830793290305,0.2505962640604803,410.970799262992,58.20527812168797,4.20472004738016,0.0,0.0835509138381201,6,4,calm
S974161,U01,274,1094.5665629011346,113.92439150516782,22.7857529370511,160.15670156682756,39.62326566240549,0.200007677337627,0.2474031075488411,334.2504389635239,55.87434862937968,3.705300140637849,0.0,0.058394160583941604,6,5,calm
S848381,U19,392,1112.8145627327835,111.16239385190951,23.146408911364972,158.42430104474778,36.067205756362675,0.20822157664399174,0.2276620791034786,282.2823881695732,50.505223984392444,3.8732186451351396,0.0,0.04846938775510204,5,3,calm
S619014,U12,233,1101.14824420308,112.59021886501014,19.29662454432933,159.85266208161042,39.51201866181513,0.17138810758921239,0.24717773321562106,358.0512415174133,60.08514045828875,4.138966369158914,0.0,0.06866952789699571,6,3,calm
S510927,U08,345,1133.5642265906522,107.73565806350356,22.83022567106983,156.91630691804022,38.21104925452777,0.21190965072690057,0.24351229011836217,334.23346431993514,49.32568556194889,4.970849927544225,0.0,0.05217391304347826,5,3,calm
S405004,U15,365,1124.048182127677,109.43863792949591,21.911520115956844,157.45383587188425,40.26517343093448,0.2002174052099679,0.2557268497650138,377.96416254135363,53.31224166560915,4.603304222908234,0.0,0.06301369863013699,7,3,calm
S587424,U01,220,1100.1861414927369,109.40789544459659,22.030857282509803,163.2732343076459,44.567776622518615,0.2013644188381823,0.27296437662612993,305.5064162325796,62.02012793212759,3.1370504906666246,0.0,0.08636363636363636,6,5,calm
S507827,U18,406,1112.1342594648897,109.64998834816963,22.82060799634245,160.1016153335179,38.83184724298634,0.20812230206427915,0.2425450059457129,253.58271017603425,54.15011584868671,3.7980465796505696,0.0,0.059113300492610835,5,3,calm
S633812,U25,216,1110.3733696949778,109.66731998809782,21.560681213996798,160.51207028529348,41.39918735113392,0.19660078514125062,0.25791946535579025,491.0752403971926,59.99257670484636,3.0629087430318003,0.0,0.07407407407407407,5,3,calm
S178160,U09,394,1122.7112012864584,108.49290700950657,21.283595672356423,158.71739574354788,41.23175452246423,0.19617499667965826,0.2597809416498088,380.4867853195479,51.22681147885581,5.692819393705731,0.0,0.04568527918781726,5,5,calm
S639923,U02,198,1110.4118435362802,110.77451700069832,21.95763052919744,159.39551202619236,38.86176377735656,0.1982191493469479,0.2438071391305589,304.7823931688822,51.00523255049299,3.516910251642182,0.0,0.05555555555555555,7,5,calm
S889170,U28,364,1107.8155894319987,110.9179358933831,21.948987329509983,159.8852581236072,37.0852097385246,0.19788492413533423,0.23194889994081908,257.3101432579165,45.633886345674256,5.358953613339093,0.0,0.06318681318681318,5,3,calm
S772720,U08,342,1124.5990734486493,108.36202821399455,22.44472950929477,158.39970677484226,40.79557282762394,0.20712725554537118,0.25754828502058363,321.9418406012612,55.10272514726381,4.457209771905468,0.0,0.04093567251461988,5,5,calm
S382728,U32,418,1109.5616048057352,109.6038394275312,23.468244603599903,160.77321643006107,39.95475784489752,0.21411881852110515,0.24851625620290108,313.923869147136,55.63707852186923,5.263274853521142,0.0,0.0645933014354067,5,5,calm
S164447,U11,270,1131.8162328689853,109.66422147222242,24.639221802374454,155.3964759163852,39.14476949435633,0.22467876461071204,0.25190255611342893,353.2237327545295,51.943745061995486,3.7040970051076476,0.0,0.06296296296296296,6,4,calm
S665607,U16,252,1102.9062018941281,111.38664301632211,23.716173598338838,160.62198245407671,39.02365995275867,0.2129175721263417,0.24295341992753633,397.7410831996852,47.78551261459836,3.481426203369287,0.0,0.10714285714285714,5,5,calm
S250611,U16,183,1100.303997496869,110.49604808464834,19.2661303800717,162.15587418636358,37.37523591793622,0.17436035689993534,0.23048955892267808,248.80752102567078,45.432343936219155,3.449588806773323,0.0,0.04371584699453552,7,4,calm
S991350,U26,306,1110.7386437045366,110.8367987475294,21.58264184066062,159.25374118312402,38.63259012776508,0.19472451464267598,0.2425851338923455,300.0224615693602,50.96700020629814,5.328673336634424,0.0,0.042483660130718956,6,3,calm
S739959,U27,281,1134.663339379737,107.6725973463331,21.30181424106363,156.72300757732194,39.59534674411906,0.19783877017980273,0.2526453987592347,353.4839907291444,50.04657326919042,6.045571905803603,0.0,0.017793594306049824,7,3,calm
S242770,U23,293,1097.9491019723946,109.93251650831107,21.578586907218344,163.30419315434028,40.276135517137135,0.1962893927347417,0.246632586335807,386.49550257102896,51.284928657917845,4.642833155921939,0.0,0.04436860068259386,7,5,calm
S562057,U34,349,1118.2641673801286,109.46278523735235,21.68460198435142,158.81014056231857,39.24833820092207,0.19810022134309727,0.24714000039261133,315.0496834310335,52.575998387932714,5.40289543359604,0.0,0.0659025787965616,6,4,calm
S780827,U14,394,1105.119677269207,109.7143913386018,21.91933491140821,161.749420382959,41.09028900564231,0.19978541232353475,0.2540367001523509,318.71295013683687,51.96858057514916,2.9384808465362013,0.0,0.050761421319796954,7,5,calm
S365176,U21,300,1112.5472678087635,109.34017138642271,21.57188559262804,160.31129303258584,43.38481069760737,0.19729149240483743,0.27062853699763195,337.27247936115333,62.559184064040664,4.787410607916187,0.0,0.05,5,4,calm
S137568,U12,224,1112.890970541437,110.75093185455556,21.326494740510192,158.81725401548147,41.77073494618909,0.19256266636670255,0.26301131577377157,409.17743224620864,63.05979835823773,4.70187064079838,0.0,0.09375,5,4,calm
S684862,U15,371,1117.4002423491668,108.98485248272137,22.859859759043264,159.4954902182028,41.26904688196734,0.2097526329419724,0.2587474217954873,317.1778639117204,54.94328852669747,5.598234552732322,0.0,0.05390835579514825,5,4,calm
S781374,U03,320,1134.6778398528224,107.78184928644745,22.244340298702834,156.61037682674828,39.69045741618493,0.20638298977024372,0.2534344033926492,301.746301590531,53.45328269126631,4.645731086351026,0.0,0.08125,5,3,calm
S432685,U07,201,1099.8158339625936,109.62034883988923,22.3601741497707,163.15259253440584,40.85138058267247,0.203978315945973,0.2503875663149985,377.0890590061727,57.16750649863255,4.523551670049354,0.0,0.05970149253731343,7,4,calm
S986439,U31,263,1120.2338373124624,109.08721098500973,20.9720215908059,158.7140194435639,39.343132514619306,0.1922500483919034,0.24788693936775433,281.71026787109764,53.90604364821982,3.5404935978382035,0.0,0.057034220532319393,7,3,calm
S753028,U27,284,1124.291260554798,107.66617545399224,23.015659514100935,159.16859461436232,41.86367749130736,0.2137687107120839,0.26301468322149685,304.9606337544353,57.410470031419436,3.845851745997761,0.0,0.06690140845070422,6,4,calm
S182032,U32,378,1103.279460561363,110.33814211545852,21.22272934960365,161.57845809692654,41.969373298149435,0.1923426382093334,0.25974609358490813,455.9504386929484,53.2743834594977,1.867048064088301,0.0,0.05291005291005291,6,4,calm
S762033,U10,413,1120.0296675712011,107.97227771836684,22.109971711984997,159.87777008487924,38.83605835638827,0.20477452341661526,0.24291093336972472,259.35038900914293,51.04654934649781,2.6867783053652046,0.0,0.07506053268765134,6,4,calm
S530930,U13,314,1122.6837417159747,108.54880358855063,21.71525109305955,158.66803482532242,37.510061084654374,0.20005057978686008,0.23640590952014492,295.3305307072403,47.981493615732546,4.075600724717249,0.0,0.08280254777070063,6,4,calm
S377995,U21,367,1110.311011538416,108.88012382405252,22.213382810485317,161.31444047584424,39.71733340695782,0.2040168768211687,0.24621065101053508,351.3173455894924,51.91941467113247,2.948316725450134,0.0,0.043596730245231606,7,3,calm
S993884,U05,283,1109.2775394344558,109.6375129654155,22.973545412767212,160.80878143350415,40.37672592067097,0.2095409207249537,0.25108532979815595,319.95578045754445,57.60932375788525,4.895417104798532,0.0,0.07420494699646643,7,4,calm
S673810,U18,217,1124.9397923647448,110.90758899818665,21.80679601864253,155.77334987176627,40.46339028690121,0.19662131523749085,0.2597581057363853,265.28291021390055,54.03936639711986,3.4603190335725955,0.0,0.06912442396313365,6,3,calm
S640627,U04,241,1109.199862965119,112.5312202371612,21.58161900126825,157.93401332141354,41.01774036311072,0.1917833909184018,0.2597144180692413,431.4592838952336,51.40515560338457,5.429552347807687,0.0,0.06639004149377593,6,3,calm
S410579,U07,304,1790.6606142252176,74.36087739048571,17.1188111417341,93.17505745767305,27.244710738814415,0.23021260295033055,0.2924034766620988,161.2645754262982,40.03564332581388,8.872341940320027,0.0,0.1513157894736842,3,6,stressed
S702095,U14,402,1736.2749598900361,75.17010643136032,17.596923539440194,97.61358677988079,27.281772622412948,0.23409470033820398,0.2794874517205633,213.2786418141537,34.639873471836395,10.285098805353675,0.0,0.1318407960199005,2,6,stressed
S498991,U29,370,1744.2858565846643,74.48774177909759,17.501427878040513,97.50241618010534,28.525639398142804,0.23495715482881888,0.29256341038206246,173.6133733440592,40.87845282176751,10.07126289841643,0.0,0.13783783783783785,3,6,stressed
S614787,U29,317,1766.363013880473,73.96844643487502,18.01684227642515,95.87206632639395,26.671724731994736,0.2435747017113297,0.2782012086940063,158.68717489490035,37.48625642303263,10.417888821308154,0.0,0.167192429022082,4,7,stressed
S298284,U11,418,1731.8146080931042,76.53074669461287,17.832194018694082,96.69795723133977,26.984560944858053,0.2330069258287966,0.2790602999016857,151.77651154149518,32.058542400338354,8.340175274833804,0.0,0.09090909090909091,2,6,stressed
S147564,U02,255,1768.6001090831462,75.14972809001378,17.90390239117374,94.4759540861125,25.774054666471667,0.23824307613899257,0.27281073703663533,137.5832494134944,35.97582879337958,10.323271132750612,0.0,0.12941176470588237,3,8,stressed
S459963,U09,286,1756.666731136586,75.99341071710464,18.358516358750887,94.78457163011961,28.972479599880284,0.241580371054707,0.3056666195943826,151.9252372465617,40.052818659818044,8.826504349624898,0.0,0.14335664335664336,3,6,stressed
S902347,U17,308,1734.332347770063,74.23252338423296,17.59463114816008,98.74470349256968,27.65810150174953,0.23702051804286625,0.2800970636752253,171.12015223428878,40.73535386620553,9.540202365832632,0.0,0.1396103896103896,2,8,stressed
S192994,U07,201,1766.8458373090775,73.98631902158235,17.994015008274502,95.80778166628681,25.372829655961816,0.24320732868228676,0.2648305723676942,133.35090730705897,33.71710887197342,10.732139505276873,0.0,0.09950248756218906,3,7,stressed
S852739,U27,315,1750.493231649532,75.94070582975495,17.60809557618209,95.43956264309301,27.215743657422134,0.23186636710562308,0.28516207434016094,148.50825197987712,38.176448974072485,10.058265929936548,0.0,0.13015873015873017,3,7,stressed
S125784,U24,191,1803.876120543773,75.01958155800186,17.594514969741034,91.28895625310123,27.2754623554911,0.23453229949220292,0.2987816212934794,121.20162220706058,38.04213274749435,9.528908340900683,0.0,0.09947643979057591,3,7,stressed
S954701,U28,361,1759.7606225172558,74.5163518936918,17.714827554707398,95.96138022584157,27.767632305345767,0.23773074103225186,0.28936257732012266,124.01301095767056,37.6069396712973,10.20267845744869,0.0,0.12188365650969529,2,8,stressed
S708884,U25,348,1766.2868802094933,75.9275849786827,18.701279348573312,93.92024855355642,27.67840023525841,0.24630415090673372,0.29470109653165233,179.73651096346177,38.86550637471322,11.865597159420194,0.0,0.12931034482758622,4,7,stressed
S963192,U11,357,1759.9638724016263,74.317257429421,16.77678693816711,96.14078702499357,26.827690598771618,0.22574550674316798,0.2790458808268052,159.50963570385352,34.370309184016946,12.404184067280058,0.0,0.11204481792717087,2,8,stressed
S652657,U33,293,1747.8001479552233,76.86904487438198,17.586866364724507,94.7752934963261,27.277597132570826,0.22878996862084924,0.28781337547246133,131.99338539382694,36.82806105547388,10.099266718164069,0.0,0.12627986348122866,4,8,stressed
S693316,U27,203,1745.5584721091855,75.70493789228988,18.479238582628444,96.15982905390432,25.10564731508031,0.2440955517184362,0.2610824869604005,146.32938305891244,33.26201402203648,10.082229998693421,0.0,0.1330049261083744,2,6,stressed
S909519,U24,207,1746.119510238035,74.15409650419484,18.024309621261263,97.65544931498184,28.12026185698611,0.2430655954420757,0.28795384235329136,206.87985928106437,41.82675551306677,10.132034776884876,0.0,0.10144927536231885,2,8,stressed
S163152,U15,362,1794.6478789201242,74.33537605389438,17.183751019614164,92.82833529237598,27.268188551693108,0.23116518583501428,0.293748546344261,134.91573959832783,40.796212552261466,9.414762242193419,0.0,0.13812154696132597,4,7,stressed
S336768,U02,305,1766.7884312475942,74.82805919216528,17.9374033689931,94.97155840446963,26.993249952826314,0.2397149353149493,0.28422456582070715,144.31551734286322,36.63728962072226,10.64793611073589,0.0,0.12131147540983607,4,6,stressed
S987753,U12,234,1737.760113228776,75.6785246127841,17.237411225933997,96.9575013359281,27.322078992800748,0.22777150207579686,0.28179438018042663,181.49227326031797,37.27393414383204,7.748477016428366,0.0,0.11965811965811966,4,7,stressed
S285496,U22,183,1771.370063355134,74.83804621419858,17.493273642601988,94.52238625905495,27.57171561401071,0.23374840108109465,0.2916950862671373,136.65335461038487,39.57653266697247,11.90392346940641,0.0,0.13114754098360656,4,6,stressed
S929404,U34,194,1774.142206390517,74.73341544404236,16.443906059997822,94.36238697776484,24.782208097552545,0.22003418366862162,0.26262803317377,115.84145467705557,32.257412948130494,10.136423908716575,0.0,0.07731958762886598,2,8,stressed
S648156,U05,269,1749.9462996666796,76.2509030160305,18.065510409547887,95.18292901478232,27.195075419346153,0.2369219208558082,0.2857137902860989,149.755672240947,34.65355284653023,9.293271746862628,0.0,0.1412639405204461,2,6,stressed
S406240,U11,366,1773.4608179320526,73.89053129107162,16.924831564121348,95.27024010381916,28.392580252908907,0.2290527794075615,0.2980215041126018,142.05471115229207,37.006581799451226,9.58327301318569,0.0,0.12568306010928962,2,7,stressed
S459357,U18,310,1754.1851425961088,74.25737126330486,18.418248043676627,96.76220512873695,26.179954426202876,0.2480325889583196,0.2705597127656593,162.07259649295244,37.679741111548836,12.559986686620714,0.0,0.09032258064516129,3,6,stressed
S463911,U08,306,1754.6580511312811,74.75514064626331,16.84872118027624,96.21834322233485,25.474654257615562,0.2253854522193108,0.26475881213991026,131.20383393529062,37.42939702214828,10.213022586665147,0.0,0.1437908496732026,3,7,stressed
S721565,U16,364,1758.055947543513,75.59482421448159,17.787433686539355,95.04820931308187,28.099841443060868,0.235299623636559,0.2956377784088708,138.5732958770599,38.652905371466545,7.789441674595988,0.0,0.14285714285714285,2,8,stressed
S710999,U19,279,1791.0589347390119,75.36974484572991,17.91184272186746,92.12893103883287,28.215829442493046,0.2376529568798488,0.30626459163625713,156.993298129121,37.05685760963547,10.950829118564986,0.0,0.15412186379928317,4,6,stressed
S375509,U01,317,1770.4555609606991,74.83761189923834,17.523234792964484,94.61030117755843,25.033195383515235,0.23415010645392903,0.26459270366907056,102.95774280810592,33.488652546938326,11.750548560974261,0.0,0.11987381703470032,2,7,stressed
S256954,U07,284,1727.4818966058237,76.83479999556013,17.112764714953833,96.82838026088332,29.198356803560703,0.22272153654259122,0.3015475083327015,164.27970820641707,40.92975764032197,11.032281216237218,0.0,0.14788732394366197,4,7,stressed
S473325,U24,220,1764.8371757721948,75.48157239344528,17.53861533902537,94.50578061476448,26.779923220699693,0.23235625309454205,0.2833680971311496,160.3188236873275,38.12634819962071,9.866165918975616,0.0,0.1409090909090909,2,8,stressed
S541564,U28,194,1752.2320781071655,75.92233874128674,16.881197177244324,95.28785866822112,27.757850464617473,0.22234822394985432,0.2913052182363169,134.9971568015268,37.467993945753506,9.932267549433664,0.0,0.14432989690721648,3,6,stressed
S433457,U10,219,1726.5552147831572,76.5597111038736,19.299229768403194,97.1966781684369,26.546890887769056,0.2520807548792688,0.2731254955212013,133.2497886240068,34.87107022162114,10.850701855742546,0.0,0.1187214611872146,4,6,stressed
S948752,U04,245,1755.6633821031267,76.07980123198344,19.30223319216889,94.79577950754708,28.12281255426726,0.25371035254564206,0.2966673484870525,134.41119455361115,42.58075064459901,10.95009477117845,0.0,0.1346938775510204,3,8,stressed
S350540,U07,382,1762.1267270834333,74.66066279002972,17.566790695249384,95.5881594933381,26.051682777770537,0.23528843756253495,0.27254089749040705,124.4974223350986,33.933608707258855,8.554726621119514,0.0,0.13350785340314136,4,8,stressed
S489042,U23,380,1759.246726975018,76.02199949380604,18.4745826535737,94.50553106800592,29.162428040039924,0.24301626866679474,0.30857906103987415,182.99890833845862,40.24414702438469,11.523671409718183,0.0,0.12105263157894737,2,6,stressed
S235998,U33,354,1740.9799707085617,75.83091413287386,18.52479009040853,96.48582991209236,28.26669852569759,0.24429073949904753,0.2929621743571175,171.38092104611624,37.6319160984913,9.983901049302933,0.0,0.13559322033898305,2,8,stressed
S110783,U01,202,1757.1256274025059,75.73319021473252,17.554533431188364,95.00019123590342,28.993142480160195,0.2317944534148708,0.30519035912427533,167.02254282958023,39.92297248437211,11.438352900874818,0.0,0.09900990099009901,4,8,stressed
S795954,U01,374,1769.6969706233065,74.94704458616604,17.376885728364847,94.57350327030498,27.533588494531106,0.23185551644250327,0.29113427696377137,161.9506245580231,36.39102864160006,10.969502122401174,0.0,0.11764705882352941,2,7,stressed
S399073,U20,203,1800.1425526050457,74.37776906477167,17.046790903929402,92.27569933186176,27.74608234736834,0.22919201689263163,0.30068677396398696,151.2567738283233,43.074204602961245,12.367988131874089,0.0,0.054187192118226604,3,6,stressed
S760120,U29,405,1754.5448967413945,74.68683286759858,17.796791347546037,96.29767745024571,27.92145722010762,0.23828552723738305,0.2899494355358035,176.29448250660138,38.03095120612029,8.825551119108155,0.0,0.1382716049382716,3,8,stressed
S777112,U18,331,1765.8255114011083,75.97634038445902,18.30425962602788,93.91587040479536,28.760349638144387,0.2409205225390406,0.30623524558928944,141.1429930329524,40.804626906298225,9.632305511014406,0.0,0.12084592145015106,2,7,stressed
S982984,U05,228,1746.2844209820532,74.3965196714772,17.328804016777728,97.39680127637267,28.680152667169814,0.23292492838776435,0.2944670902054284,165.43849320291758,42.181170702879356,10.263122922957926,0.0,0.14912280701754385,3,7,stressed
S310372,U05,306,1765.7512493250597,74.62463892159852,17.533649267391883,95.27471701241085,25.435516272592878,0.23495791096306587,0.2669702631526006,103.62558930394742,34.843414447425545,9.627673050749662,0.0,0.12091503267973856,2,8,stressed
S689795,U18,358,1742.0108246946163,75.70623181761243,17.69389263864105,96.50854190665049,27.979660650677815,0.23371778272188037,0.2899190071459334,122.50913170108115,35.834234093723595,8.695270762072635,0.0,0.17039106145251395,2,6,stressed
S565908,U23,247,1800.3058638970047,73.87631678927104,17.036645461665962,92.76203395775678,29.440883105772404,0.23061037964659564,0.3173807413405746,125.10041043221163,39.82640077409725,11.148677792136166,0.0,0.11740890688259109,3,7,stressed
S797207,U32,223,1733.7434059032873,75.69062767138773,17.19741784416076,97.34535849503048,27.22987106063094,0.2272067014534966,0.27972439037266517,182.19276084908324,38.43837484716457,9.150934283894511,0.0,0.13452914798206278,2,7,stressed
S739640,U01,356,1767.598699107013,75.91947432881385,17.583669227838296,93.8023070639646,28.395155925052464,0.2316094702089466,0.3027127670291687,150.0194463565265,41.45550294381091,9.370550605878703,0.0,0.12359550561797752,3,7,stressed
S414339,U32,299,1752.5143049591893,74.34610379584029,17.638680116497042,96.83652173313426,27.367255182197898,0.23725090106852292,0.28261295110968165,175.4688812958901,39.896174456743296,10.710434048363767,0.0,0.12709030100334448,3,7,stressed
S382971,U08,222,1765.9082215242709,74.55786775478414,17.67021752921473,95.32638576607575,26.36185484946642,0.23700003851144053,0.2765431064821503,152.8929035927907,34.14942076503614,10.327239949545893,0.0,0.08558558558558559,2,8,stressed
S503245,U30,279,1783.0537095360323,74.41060503762458,17.548295697840494,93.84007546378493,27.89232775666827,0.23583057400174973,0.2972325802043133,165.2458856298371,39.7104493054738,8.10511762290196,0.0,0.15770609318996415,4,6,stressed
S951066,U03,404,1744.3701649376933,75.45229141881727,16.81877214443766,96.52955396588386,27.833632072047745,0.22290604868552974,0.28834311284484854,154.68583936728706,38.89243382927259,9.858995743497552,0.0,0.13366336633663367,2,8,stressed
S632780,U34,323,1756.7618918691828,76.5134604879701,17.201381749117004,94.25527111332963,26.97297375316732,0.22481510624946194,0.2861693933354226,140.2851276573756,36.91547925419084,10.94409909181429,0.0,0.11764705882352941,4,8,stressed
S106648,U28,181,1723.6869286949739,75.41130737579688,16.948779608160883,98.63421968933783,26.878919287302327,0.2247511705863962,0.27251109576332855,152.75065708515532,37.6929956319711,10.158623396039284,0.0,0.17679558011049723,2,8,stressed
S601132,U12,250,1767.4668971199512,73.21818896896697,16.975512953328767,96.51624876723248,26.566884269176608,0.2318483042584367,0.27525815195374786,140.67421614912607,36.75395533187,8.020826011110517,0.0,0.128,2,7,stressed
S740513,U15,410,1776.1719842611365,74.6680952380068,17.03615431839981,94.23446749709677,26.81205754693371,0.22815841577445567,0.28452495418154455,146.52297358165723,35.574717566846374,9.901587505365283,0.0,0.12682926829268293,3,6,stressed
S651996,U04,336,1765.82683529294,75.81560619124237,17.487844132788382,94.0764772248712,27.426151241526423,0.2306628544085748,0.2915303809258252,196.68175690622624,37.92293989441765,10.141422830077861,0.0,0.10119047619047619,2,8,stressed
S421864,U31,265,1777.0996889460043,75.18186792666016,17.29423508567496,93.63252209663091,27.679765273972453,0.2300319952484483,0.2956212719059976,138.62796236215723,38.12915678752108,9.950227344514236,0.0,0.10943396226415095,4,8,stressed
S204592,U27,362,1727.650152184529,76.74748068310649,18.65441586973483,96.89878654331358,26.61206068594098,0.24306225694573197,0.2746377084303882,149.3739148025061,38.00929132206058,9.213700353710411,0.0,0.1464088397790055,3,6,stressed
S472592,U27,388,1772.9302591585215,73.67244677387863,17.77161458743227,95.53894687811291,27.265927132950765,0.24122470972055987,0.2853907021576887,145.32322210963804,33.77586951440131,10.153679305817638,0.0,0.12628865979381443,2,7,stressed
S145907,U02,297,871.7940935236915,130.0995646617024,25.58683684452256,214.0183895990732,55.84908223065061,0.19667119495023638,0.2609545952348969,732.4258606368062,77.21748292457588,3.9687275423534327,0.0,0.0707070707070707,2,2,sad
S850576,U20,233,886.1369347288037,131.14937250300318,25.854031384872417,207.3987550409785,57.632033974049286,0.1971342362639241,0.2778803275008192,836.8242191533839,78.76180194271188,2.491457520913895,0.0,0.06437768240343347,1,2,sad
S277464,U21,325,888.317903465867,130.77467474503075,23.74019616011824,206.9422606330789,59.91591023178274,0.18153511913835085,0.28952960138971934,656.9172584976719,81.88483339538934,3.591227154391154,0.0,0.10461538461538461,1,4,sad
S921072,U03,180,874.4268725322679,129.6704850943176,26.75609586331126,213.41137735030836,60.2153030332903,0.2063391360327668,0.2821560114597297,581.7011255742244,83.5331202775611,2.8720289888502424,0.0,0.06111111111111111,1,3,sad
S686803,U33,329,876.7298180547244,131.42576182790955,25.70860497837648,210.75491210609178,58.96560289850414,0.1956131326218952,0.2797828164917052,758.2427505810142,72.77389053363115,4.3527368490779095,0.0,0.05167173252279635,3,2,sad
S115406,U10,370,872.7685483605654,129.31261901098284,26.271549101383485,214.4211241028461,58.24940733614242,0.20316307335135,0.27165890291762185,627.6266876003634,76.15207369603831,3.2761312574153165,0.0,0.1,1,4,sad
S133484,U06,204,903.8416334983715,127.80823292633755,24.05071795809043,204.108320683649,55.70405232965011,0.1881781588510976,0.27291416706125754,612.1283884763731,84.36986741808744,3.0409262442708416,0.0,0.11274509803921569,1,4,sad
S963356,U24,274,884.7496275863592,132.51098568175215,24.112856476476825,206.5679928744919,57.420274451143776,0.18196873528952523,0.2779727568250693,752.7811296905165,71.38185882237613,3.9540006972871757,0.0,0.0948905109489051,3,4,sad
S184281,U18,358,879.6781753430939,128.92341652617483,23.944619912055504,212.11039380223687,59.391214050693044,0.1857274695105068,0.280001432207358,829.2081652310007,81.3917752856151,2.8924510705148205,0.0,0.0893854748603352,3,3,sad
S274949,U16,253,885.0742690895164,129.92724700494213,24.368242072624106,209.0273588143103,59.51756357419759,0.18755297779608301,0.28473575857153743,842.3329457515098,87.1600911935763,2.907502796986944,0.0,0.11462450592885376,3,3,sad
S422334,U33,377,892.0939541358273,131.93738845312967,24.706900191523605,204.3500604295504,59.30476255865154,0.18726231041249275,0.2902116223209869,675.5909118916366,81.43665605805515,3.4456075749698982,0.0,0.07957559681697612,2,4,sad
S295146,U02,199,865.9655912831971,132.96198201183597,23.070990914945607,213.472106154943,58.23832216834258,0.1735156964860217,0.2728146698757535,890.7474311113407,71.44411582568364,4.271824723668113,0.0,0.08542713567839195,1,4,sad
S629085,U25,266,891.7898806761543,132.24622811402813,25.84922626212394,204.15588464883513,57.572267420677136,0.19546286219850198,0.28200150840474747,649.0727706020396,78.17096736333997,2.245658990500006,0.0,0.07894736842105263,3,3,sad
S652468,U11,202,861.900751443597,132.24073792731542,24.793457868579555,215.82717998264138,63.52159115654711,0.18748729217018578,0.2943169213518707,817.1473031064123,81.48113218241704,2.9851141259668856,0.0,0.10396039603960396,2,3,sad
S360306,U26,337,880.8787617945318,129.4698641312238,25.701367810043845,211.09913697494213,61.73233046387548,0.19851235638893,0.29243288887156,914.058614038856,75.22061908312492,2.964113174728776,0.0,0.0830860534124629,1,3,sad
S631299,U13,381,879.7853591537431,132.2907456528322,25.838891895905427,208.70151669689258,57.68176464177343,0.1953189678415895,0.2763840222855087,539.275347560327,80.93806703039536,6.074152723297056,0.0,0.07874015748031496,2,3,sad
S485607,U08,380,884.997438760725,130.52980696973253,24.47821736064643,208.45422491638732,59.43619356320279,0.18752971393210194,0.28512827498240023,821.6385789474285,85.5023059245452,3.70728043771511,0.0,0.06578947368421052,2,2,sad
S921856,U02,182,878.5771046836487,130.11187404985714,24.707465184998114,211.34933453470043,60.07949818361851,0.18989400748720706,0.28426632293821746,854.3961846146263,79.19155633127085,1.965226508580257,0.0,0.04395604395604396,3,2,sad
S192546,U32,246,878.6143966971339,130.75562847509988,23.454109456031542,210.69108708948997,60.59211423555342,0.17937361266630267,0.2875874583618111,759.1164314798473,82.01164943406326,0.9538987329285278,0.0,0.1016260162601626,1,3,sad
S754504,U25,384,863.0743231670151,133.19659611379498,25.691109133745485,214.39803385869982,58.24934486294481,0.19288112371728014,0.27168786865524314,734.4191408644056,74.76953155862844,4.056771997298734,0.0,0.09114583333333333,3,2,sad
S308134,U16,396,888.6400677254651,131.54088891537603,24.219142317823316,206.05361182311816,58.565172611168755,0.18411873690016017,0.2842229849455036,704.4482546780982,78.1751282971598,3.4761681454476587,0.0,0.10353535353535354,3,4,sad
S359141,U24,414,873.0766585227384,130.21098418491155,24.957784013258934,213.40145473609388,60.68336504269781,0.19167187906218872,0.2843624712762282,796.7186270651014,80.49755353364773,1.3688205531192046,0.0,0.07971014492753623,2,4,sad
S441559,U16,252,882.6206885669274,131.2817654821296,24.3543974201613,208.61509382115378,58.309759250272144,0.18551241545785335,0.27950882259871973,557.7939498008992,75.76554754652878,3.009253491154558,0.0,0.07539682539682539,1,3,sad
S451093,U12,384,880.3984836100034,131.01647575648795,25.944375257200623,209.73831379048406,57.631528003554905,0.19802376080869244,0.2747782556368091,681.2904635049063,81.76914820824413,2.453392155686239,0.0,0.09895833333333333,3,3,sad
S605625,U27,350,903.726996554876,129.60256369448987,25.558810709858076,202.35609322694629,64.25800505019374,0.19720914448966817,0.317549148263735,801.8074946288959,89.44142376069809,2.9710154158280098,0.002857142857142857,0.07142857142857142,2,3,sad
S933257,U16,288,877.3245371723692,130.9339224867257,26.58191405456411,211.0147946515236,59.51824322899686,0.20301777835502507,0.28205720517031585,852.0153952388173,82.4334271845168,2.4014590116364616,0.0,0.08333333333333333,1,3,sad
S345648,U28,219,892.2266512340626,130.38150484699125,24.661991438661058,205.8559294249642,60.980506822145564,0.18915252947573394,0.29622905200004623,785.500003631711,75.0459596291559,3.461703192164272,0.0,0.0958904109589041,3,3,sad
S672737,U03,372,887.9844739327756,130.00257741541975,23.660240435940402,207.84116738716259,59.31760256232084,0.18199824116051744,0.2853987172417346,525.4869002656739,76.79573495097355,3.2286212269265815,0.0,0.08064516129032258,2,3,sad
S822343,U18,287,881.4203356944042,129.89933475362153,22.991382777242965,210.46040945814863,61.15282039960139,0.1769938454330843,0.29056686032800866,823.3452839105821,83.98032200412274,4.852524326840218,0.0,0.05574912891986063,1,4,sad
S111562,U19,412,884.3752400768567,130.9824424131308,25.424843908204984,208.24008034081749,59.61530028369698,0.19410879381843152,0.28628158511141183,617.6591347123067,80.07292182047058,4.6651949403671695,0.0,0.05339805825242718,3,3,sad
S770612,U10,410,886.3508729098447,128.26347391019667,24.88064599710284,210.20293839796216,57.04998018731755,0.19398075881308935,0.27140429445048436,633.5545797210543,78.37057756815454,1.3170041492155007,0.0,0.06829268292682927,2,3,sad
S639833,U22,208,867.9854957416411,131.3839317172036,25.773796534780853,214.24396353197693,62.493805006056256,0.19617160331491276,0.29169458955014504,767.6231651783033,89.39918493504217,2.421957463460403,0.0,0.09615384615384616,3,2,sad
S137232,U07,294,890.0137201976227,130.0319893350232,25.43030101491479,207.04146604203166,57.118763176819186,0.19556957595560923,0.275880789818323,725.9547874024922,77.5875358754057,2.0066599355864847,0.0,0.07142857142857142,2,2,sad
S615533,U30,353,890.4759316408779,129.22488731090976,26.55954655235139,207.67360633752688,59.2230737936297,0.2055296553553977,0.2851738111456295,646.23230044134,86.0543745650514,2.758855255457351,0.0,0.06232294617563739,1,3,sad
S455570,U26,232,891.1573573753509,129.87058013902,24.925433509932784,206.7703032214273,58.17236413538187,0.1919251726083871,0.2813380994711118,720.2712480603695,79.4523596645233,4.096268042143538,0.0,0.09913793103448276,2,2,sad
S794640,U23,235,870.4040288430888,128.98486178703914,25.614699444525833,215.68266048850657,58.57401743050472,0.19858686585110324,0.27157499493857573,782.2044473474574,75.84531497920551,2.536687443441109,0.0,0.059574468085106386,2,3,sad
S222923,U17,289,876.2784425859417,130.97359878590171,24.725591347694902,211.38333414820642,58.58074183502395,0.1887830186915229,0.2771303710913721,562.4975327593199,85.70689135331895,3.9309963765523372,0.0,0.0657439446366782,2,3,sad
S849407,U13,279,901.2280363835406,126.5680211414207,23.52519832489474,206.31110366237905,57.758266855991224,0.1858700018593865,0.27995714157251866,712.6133955420657,78.69110533967952,1.56753774002137,0.0,0.11827956989247312,3,3,sad
S306749,U03,278,892.1661769286261,130.84668166686242,23.232476769925913,205.4135440152867,57.2023803472424,0.1775549557234943,0.27847423898681894,532.3422367808832,83.91248744115433,1.2013438271094057,0.0,0.06115107913669065,1,3,sad
S226290,U01,290,883.9747487047359,128.86099878177382,23.48847479091732,210.51521127352677,55.970090163978895,0.1822776093074916,0.2658719520807254,708.3128679516207,75.08283034487656,2.2459233055144936,0.0,0.06896551724137931,1,2,sad
S164711,U17,184,871.8764917450931,130.9778457572595,24.268870317505378,213.1075870309774,60.9841947373479,0.18528988759276693,0.28616622987000084,646.2178826793584,79.76422011531463,4.9183756679966555,0.0,0.08152173913043478,2,2,sad
S830563,U14,346,879.9130399896583,130.0451772029293,24.903476175181257,210.8976050560152,61.575650791665886,0.19149865232080518,0.2919694169846602,659.1141963118971,83.67862945840483,3.4322789187118143,0.0,0.08670520231213873,2,4,sad
S600736,U28,183,875.6443972462442,131.7249722248481,23.777527528883827,210.87985793617395,61.45254601395463,0.18050888246381064,0.29141022103948017,896.8277145394017,74.80930666483289,3.0089560341565673,0.0,0.09289617486338798,1,4,sad
S674443,U14,289,884.1531240307481,128.5117079933282,24.422706454024755,210.79603389682765,60.506239852634636,0.19004265708843182,0.2870368988168388,988.7455479977943,78.2277676508968,1.6453737187117004,0.0,0.06920415224913495,3,4,sad
S931679,U01,324,884.3033934151197,129.79477947119338,24.792837788687937,209.45530396614407,65.671128655084,0.19101567790090088,0.31353289896014735,850.2997763286562,90.45896265604242,3.331825469305266,0.0,0.08950617283950617,2,3,sad
S631061,U10,292,890.2809919964842,128.66610267597477,25.84088645703111,208.30615967373598,56.81832365561817,0.20083678544384995,0.2727635310670174,675.936652248337,77.71429496808025,5.121026473408769,0.0,0.09246575342465753,2,4,sad
S444037,U15,399,875.6081404980869,130.0523724518247,25.429467646641204,212.56664412029846,59.99945687347273,0.1955325163795919,0.28226186249389656,662.0521942316769,80.43125486928332,2.971711813129724,0.0,0.08270676691729323,2,4,sad
S878352,U02,360,872.6416601726746,128.38396581989872,24.97383217628287,215.399758579229,59.46924228095572,0.19452454219491075,0.27608778521022137,739.4425551531859,85.15145955604515,3.1551075273950557,0.0,0.06666666666666667,2,3,sad
S333770,U04,367,885.6762270626031,129.4511296574597,25.153846660014786,209.2731025543131,60.4205849807663,0.19431152687948197,0.28871643915674833,623.0746925642896,81.79495559116683,3.006469259619476,0.0,0.08991825613079019,3,4,sad
S644037,U04,307,888.4136611503086,130.41657551745544,22.856644778315086,207.26395903394166,58.43677052694177,0.17525874059816782,0.28194371466856005,639.2216685966268,84.65027070118043,1.3735437768321106,0.0,0.0749185667752443,3,4,sad
S302166,U04,211,854.584120389188,131.16654219032674,26.747464468306283,219.88140363784564,61.353885922192944,0.20391987180309198,0.27903171849514613,646.3269019593026,78.21039765599579,3.0221411911476634,0.0,0.08056872037914692,2,3,sad
S746732,U28,292,901.0808448994999,129.17944865830472,23.461506082930644,203.75405192394308,60.30953037495227,0.18161949386383563,0.2959918087786764,761.3436314313659,75.65836501662099,1.797389492694178,0.0,0.0547945205479452,2,4,sad
S399421,U17,371,886.2175950290994,128.35877662083692,24.775718683821175,210.15853750465087,63.322390404399044,0.19301928030217178,0.30130772299934616,756.7639169385842,92.05385552932142,0.1374748830213237,0.0,0.09433962264150944,1,3,sad
S249689,U06,412,879.0109108005782,129.23204717153513,24.02275137710314,212.0606447778384,59.25086148930624,0.18588849981782563,0.27940526895680884,820.6984839198697,83.57989311325395,2.905100700819436,0.0,0.07281553398058252,3,4,sad
S677094,U10,366,881.8950252355294,127.6927412141912,24.834265191198494,212.48380068191312,58.20712737446406,0.19448454904372062,0.2739367762985365,616.9219048641443,81.20381552198296,2.2233344123159844,0.0,0.06830601092896176,2,4,sad
S841463,U27,358,881.3201459528036,127.82735117207423,24.944660793200207,212.5710856248824,58.446602612130725,0.19514337553330868,0.2749508590988223,717.0184498892035,73.04210149733413,2.6879750406732277,0.0,0.05307262569832402,2,2,sad
S765894,U13,398,865.8808064213354,132.90334024605676,24.08588892075163,213.5646698717478,61.301970056286486,0.18122861980864516,0.287041719461839,788.1868966602697,82.66758506170052,3.239117580489313,0.0,0.0678391959798995,3,2,sad
S466916,U20,258,891.4575905073126,128.1627106715524,24.53353283734109,208.36479573430523,59.499442004807,0.19142489035062732,0.28555419736392157,571.4667821785349,74.17434771268498,1.6593052433736428,0.0,0.050387596899224806,2,3,sad
S894379,U09,360,879.8330154325781,132.38815233774466,23.63547172402812,208.58564011820474,59.43508336206998,0.17853162316013005,0.28494331310817145,715.1808725631776,75.3093734513331,3.1155029609094056,0.0,0.10555555555555556,1,3,sad
S436304,U15,208,886.3175961480998,131.14746244672526,24.281849014034524,207.3316575705099,62.538206574625704,0.18514920960745468,0.30163365936221076,922.5179654352064,88.17877581627843,3.506751287949956,0.0,0.11538461538461539,3,4,sad
